,IIN,NAME,SURNAME,FATHER_NAME,BIRTHDATE,GENDER,FAMILY,ADDRESS,RANK,STATUS,COMMANDER_IIN,HIRE_DATE,CONTRACT_TYPE,REBUKES,SALARY
0,901203848048,Sean,Carter,Billy,03/12/90,MALE,NOT MARRIED,"Maple Ave, Springfield, IA 80202",PRIVATE,SECURITY,980812484094,03/12/08,CONSCRIPT,2,38792
1,020423080087,Benjamin,Flores,George,23/04/02,MALE,NOT MARRIED,"Main St, Portland, SC 27601",PRIVATE,SECURITY,751109098652,23/04/20,CONSCRIPT,2,16370
2,780506391022,Edward,Lee,Matthew,06/05/78,MALE,MARRIED,"Cedar Ln, Providence, NE 21201",LIEUTENANT,ON MISSION,901022902797,06/05/96,STAFF,0,35820
3,961205893894,Ronald,Johnson,Roy,05/12/96,MALE,NOT MARRIED,"Oak St, Des Moines, ND 29201",PRIVATE,SECURITY,900917565424,05/12/14,CONSCRIPT,0,23486
4,020606498973,Larry,Hall,Michael,06/06/02,MALE,NOT MARRIED,"Main St, Honolulu, NH 25301",PRIVATE,SECURITY,861230558075,06/06/20,CONSCRIPT,1,14143
5,030830048512,Daniel,Jones,Adam,30/08/03,MALE,NOT MARRIED,"Maple Ave, Baltimore, OR 92501",PRIVATE,SECURITY,900917565424,30/08/21,CONSCRIPT,0,15395
6,830509021767,Russell,Washington,Alan,09/05/83,MALE,NOT MARRIED,"Maple Ave, Austin, OR 53703",PRIVATE,SECURITY,920325505979,09/05/01,CONSCRIPT,2,2219
7,760228417206,Steven,Jones,Edward,28/02/76,MALE,NOT MARRIED,"Cedar Ln, Lexington, CO 27601",PRIVATE,SECURITY,790110399121,28/02/94,CONSCRIPT,2,33585
8,900815590664,Jacob,Harris,Russell,15/08/90,MALE,NOT MARRIED,"Oak St, Augusta, MD 21201",PRIVATE,SECURITY,771215431415,15/08/08,CONSCRIPT,0,4410
9,760706718364,Jack,Young,Walter,06/07/76,MALE,NOT MARRIED,"Main St, Denver, PA 40502",PRIVATE,SECURITY,760706718364,06/07/94,CONSCRIPT,1,4801
10,870826873855,Jeffrey,Jenkins,Carl,26/08/87,MALE,NOT MARRIED,"Cedar Ln, Raleigh, AZ 21201",PRIVATE,SECURITY,930515407672,26/08/05,CONSCRIPT,0,12897
11,831123591830,Nicholas,Jenkins,Daniel,23/11/83,MALE,NOT MARRIED,"Pine St, Raleigh, ID 40502",PRIVATE,ON MISSION,831123591830,23/11/01,CONSCRIPT,2,34544
12,041021959353,Adam,Barnes,Anthony,21/10/04,MALE,NOT MARRIED,"Pine St, Raleigh, PA 78701",PRIVATE,ON MISSION,970428698534,21/10/22,CONSCRIPT,2,15160
13,960322727630,William,Taylor,Joshua,22/03/96,MALE,NOT MARRIED,"Maple Ave, Madison, MD 03101",PRIVATE,ON MISSION,920827359771,22/03/14,CONSCRIPT,2,12418
14,750830841679,Harold,Peterson,Philip,30/08/75,MALE,MARRIED,"Main St, Baton Rouge, IA 80202",SERGEANT,FREE,830226159286,30/08/93,STAFF,0,7977
15,880221794553,Jeremy,Martinez,James,21/02/88,MALE,NOT MARRIED,"Main St, Little Rock, AR 04330",PRIVATE,ON MISSION,880221794553,21/02/06,CONSCRIPT,1,25297
16,950224839426,Kyle,Ramirez,Roger,24/02/95,MALE,NOT MARRIED,"Main St, Honolulu, NE 70801",PRIVATE,ON MISSION,821003508215,24/02/13,CONSCRIPT,2,3527
17,800525604267,Terry,Allen,Roger,25/05/80,MALE,NOT MARRIED,"Maple Ave, Fargo, UT 80202",PRIVATE,ON MISSION,771215431415,25/05/98,CONSCRIPT,2,26746
18,820315601033,Henry,Perry,William,15/03/82,MALE,NOT MARRIED,"Cedar Ln, Austin, KY 27601",PRIVATE,ON MISSION,990127629147,15/03/00,CONSCRIPT,1,36247
19,820921048529,George,Lewis,Matthew,21/09/82,MALE,NOT MARRIED,"Maple Ave, Springfield, AZ 83702",PRIVATE,ON MISSION,920325505979,21/09/00,CONSCRIPT,2,7918
20,780831078879,Jesse,Collins,Gerald,31/08/78,MALE,NOT MARRIED,"Cedar Ln, Providence, TX 32801",PRIVATE,ON MISSION,780831078879,31/08/96,CONSCRIPT,0,16614
21,821218436488,Louis,Moore,Jacob,18/12/82,MALE,MARRIED,"Cedar Ln, Fargo, NH 27601",PRIVATE,ON MISSION,790110399121,18/12/00,CONSCRIPT,2,26586
22,960117844488,Stephen,Davis,Thomas,17/01/96,MALE,NOT MARRIED,"Main St, Lincoln, ID 62701",PRIVATE,ON MISSION,860910051798,17/01/14,CONSCRIPT,0,24618
23,920827359771,Donald,Phillips,Jeremy,27/08/92,MALE,NOT MARRIED,"Oak St, Baltimore, TX 32801",SERGEANT,FREE,830226159286,27/08/10,STAFF,1,14570
24,800423117303,Tyler,White,Isaac,23/04/80,MALE,NOT MARRIED,"Pine St, Columbia, CA 25301",PRIVATE,ON MISSION,900917565424,23/04/98,CONSCRIPT,2,18141
25,760701201005,William,Powell,Joshua,01/07/76,MALE,NOT MARRIED,"Maple Ave, Phoenix, NH 83702",PRIVATE,ON MISSION,860910051798,01/07/94,CONSCRIPT,0,10479
26,000203332379,Keith,White,Michael,03/02/00,MALE,MARRIED,"Pine St, Harrisburg, PA 29201",PRIVATE,ON MISSION,860916132767,03/02/18,CONSCRIPT,2,25546
27,860916132767,Christopher,Foster,Harry,16/09/86,MALE,NOT MARRIED,"Cedar Ln, Raleigh, AZ 53703",SERGEANT,ON MISSION,840414068530,16/09/04,STAFF,2,38063
28,950714788336,Scott,Wright,Philip,14/07/95,MALE,NOT MARRIED,"Cedar Ln, Honolulu, HI 02901",PRIVATE,ON MISSION,750830841679,14/07/13,CONSCRIPT,0,19940
29,900701440355,Michael,Barnes,Justin,01/07/90,MALE,NOT MARRIED,"Main St, Raleigh, FL 27601",PRIVATE,ON MISSION,750830841679,01/07/08,CONSCRIPT,0,19463
30,960616153599,Carl,Lewis,Zachary,16/06/96,MALE,NOT MARRIED,"Main St, Boise, IA 32801",PRIVATE,ON MISSION,960616153599,16/06/14,CONSCRIPT,2,16903
31,990424106002,David,Ross,Thomas,24/04/99,MALE,NOT MARRIED,"Oak St, Riverside, WV 03101",PRIVATE,ON MISSION,760528485214,24/04/17,CONSCRIPT,1,16777
32,891109247343,Noah,Coleman,Billy,09/11/89,MALE,NOT MARRIED,"Cedar Ln, Charleston, IL 68102",PRIVATE,ON MISSION,860916132767,09/11/07,CONSCRIPT,2,9021
33,000512690562,Andrew,Murphy,Charles,12/05/00,MALE,NOT MARRIED,"Oak St, Providence, TX 50309",PRIVATE,ON MISSION,771215431415,12/05/18,CONSCRIPT,1,37394
34,010424906617,Jose,Wilson,Harry,24/04/01,MALE,NOT MARRIED,"Cedar Ln, Springfield, SC 29201",PRIVATE,ON MISSION,760228062032,24/04/19,CONSCRIPT,0,32964
35,920822242020,Keith,Rogers,Douglas,22/08/92,MALE,MARRIED,"Oak St, Riverside, OR 70801",PRIVATE,ON MISSION,900917565424,22/08/10,CONSCRIPT,2,22131
36,760228062032,Joe,Phillips,Isaac,28/02/76,MALE,NOT MARRIED,"Maple Ave, Harrisburg, CA 84101",SERGEANT,FREE,840414068530,28/02/94,STAFF,1,15330
37,960208842441,Anthony,James,Harry,08/02/96,MALE,NOT MARRIED,"Maple Ave, Phoenix, NC 17101",PRIVATE,ON MISSION,990127629147,08/02/14,CONSCRIPT,2,17568
38,040807085550,Zachary,Reed,Wayne,07/08/04,MALE,NOT MARRIED,"Oak St, Charleston, IL 58102",SERGEANT,ON MISSION,780506391022,07/08/22,STAFF,2,37630
39,840811717916,Donald,Wright,Keith,11/08/84,MALE,MARRIED,"Main St, Honolulu, ND 80202",PRIVATE,ON MISSION,920827359771,11/08/02,CONSCRIPT,2,24121
40,950526384970,Jeffrey,Jackson,Christopher,26/05/95,MALE,NOT MARRIED,"Maple Ave, Lexington, ME 29201",PRIVATE,ON MISSION,860910051798,26/05/13,CONSCRIPT,0,10675
41,810915568642,Willie,Scott,Jeffrey,15/09/81,MALE,MARRIED,"Cedar Ln, Springfield, OR 70801",PRIVATE,ON MISSION,970224925765,15/09/99,CONSCRIPT,0,17409
42,900501773314,Timothy,Sanders,Jack,01/05/90,MALE,NOT MARRIED,"Cedar Ln, Charleston, IL 32801",PRIVATE,ON MISSION,951110517913,01/05/08,CONSCRIPT,2,4689
43,910905204034,Kevin,Roberts,Roy,05/09/91,MALE,NOT MARRIED,"Pine St, Denver, WI 78701",PRIVATE,ON MISSION,910905204034,05/09/09,CONSCRIPT,2,10188
44,040619926811,Samuel,Foster,Isaac,19/06/04,MALE,NOT MARRIED,"Main St, Raleigh, OR 17101",PRIVATE,ON MISSION,860916132767,19/06/22,CONSCRIPT,2,30728
45,840516371463,Joe,Patterson,Nathan,16/05/84,MALE,MARRIED,"Cedar Ln, Columbia, FL 53703",PRIVATE,ON MISSION,930407169245,16/05/02,CONSCRIPT,1,23988
46,750924302156,Gabriel,Jones,Jerry,24/09/75,MALE,NOT MARRIED,"Oak St, Fargo, CO 32801",PRIVATE,ON MISSION,930515407672,24/09/93,CONSCRIPT,2,12318
47,981112156057,Dylan,Rivera,Willie,12/11/98,MALE,NOT MARRIED,"Pine St, Phoenix, PA 17101",PRIVATE,ON MISSION,981112156057,12/11/16,CONSCRIPT,0,29454
48,890415100288,Sean,Sanchez,Jerry,15/04/89,MALE,MARRIED,"Main St, Salt Lake City, ME 97201",PRIVATE,ON MISSION,860916132767,15/04/07,CONSCRIPT,2,18605
49,770629886542,Nicholas,King,Keith,29/06/77,MALE,NOT MARRIED,"Cedar Ln, Denver, AZ 03101",PRIVATE,ON MISSION,930407169245,29/06/95,CONSCRIPT,0,10955
50,991231651339,Larry,Henderson,Ronald,31/12/99,MALE,MARRIED,"Cedar Ln, Fargo, ME 27601",PRIVATE,ON MISSION,991231651339,31/12/17,CONSCRIPT,1,11351
51,981115225860,Stephen,Johnson,Carl,15/11/98,MALE,NOT MARRIED,"Cedar Ln, Madison, NH 04330",PRIVATE,ON MISSION,790110399121,15/11/16,CONSCRIPT,1,22043
52,040530856251,John,Ward,Kyle,30/05/04,MALE,MARRIED,"Cedar Ln, Madison, IL 85001",PRIVATE,ON MISSION,920325505979,30/05/22,CONSCRIPT,0,11695
53,970201677294,Jack,Davis,Joshua,01/02/97,MALE,NOT MARRIED,"Cedar Ln, Orlando, ND 17101",PRIVATE,ON MISSION,951110517913,01/02/15,CONSCRIPT,0,16287
54,750623325691,Jeremy,Murphy,Anthony,23/06/75,MALE,NOT MARRIED,"Oak St, Augusta, WI 80202",PRIVATE,ON MISSION,920827359771,23/06/93,CONSCRIPT,0,6100
55,780127695989,Tyler,Bennett,Jason,27/01/78,MALE,MARRIED,"Maple Ave, Salt Lake City, WV 29201",PRIVATE,ON MISSION,860910051798,27/01/96,CONSCRIPT,0,21204
56,981007402888,Gabriel,Roberts,Roger,07/10/98,MALE,MARRIED,"Main St, Manchester, WV 80202",PRIVATE,ON MISSION,860916132767,07/10/16,CONSCRIPT,1,2133
57,811224598585,Justin,Carter,John,24/12/81,MALE,NOT MARRIED,"Pine St, Fargo, LA 50309",PRIVATE,ON MISSION,920827359771,24/12/99,CONSCRIPT,1,39428
58,010718688618,Wayne,Gonzales,William,18/07/01,MALE,NOT MARRIED,"Oak St, Phoenix, NH 97201",PRIVATE,ON MISSION,010718688618,18/07/19,CONSCRIPT,1,19551
59,760528485214,Edward,Evans,Gregory,28/05/76,MALE,NOT MARRIED,"Cedar Ln, Austin, CA 72201",SERGEANT,ON MISSION,920515609759,28/05/94,STAFF,0,13832
60,981207092331,David,Kelly,Martin,07/12/98,MALE,MARRIED,"Main St, Raleigh, TX 83702",PRIVATE,ON MISSION,750830841679,07/12/16,CONSCRIPT,1,8522
61,910627163570,Roger,Lopez,Charles,27/06/91,MALE,NOT MARRIED,"Maple Ave, Madison, FL 29201",PRIVATE,ON MISSION,790110399121,27/06/09,CONSCRIPT,1,24176
62,801230045067,Eric,Wright,Adam,30/12/80,MALE,NOT MARRIED,"Cedar Ln, Charleston, IA 84101",PRIVATE,ON MISSION,801230045067,30/12/98,CONSCRIPT,2,33908
63,001014291737,Joshua,Coleman,Nicholas,14/10/00,MALE,NOT MARRIED,"Maple Ave, Springfield, SC 58102",PRIVATE,ON MISSION,820216530446,14/10/18,CONSCRIPT,0,9459
64,980412818038,Harold,Harris,Johnny,12/04/98,MALE,NOT MARRIED,"Oak St, Little Rock, ME 21201",PRIVATE,ON MISSION,820216530446,12/04/16,CONSCRIPT,1,7214
65,780215551350,Nicholas,Hill,Donald,15/02/78,MALE,MARRIED,"Maple Ave, Charleston, IA 80202",PRIVATE,ON MISSION,921104153941,15/02/96,CONSCRIPT,2,2401
66,030829744178,Alan,Moore,Albert,29/08/03,MALE,NOT MARRIED,"Main St, Boise, WV 50309",PRIVATE,ON MISSION,760528485214,29/08/21,CONSCRIPT,1,33278
67,760831959129,Thomas,Simmons,Roy,31/08/76,MALE,NOT MARRIED,"Maple Ave, Austin, CO 83702",PRIVATE,ON MISSION,820216530446,31/08/94,CONSCRIPT,1,11882
68,770517654442,Patrick,Lopez,Peter,17/05/77,MALE,NOT MARRIED,"Maple Ave, Lexington, ID 25301",PRIVATE,ON MISSION,921104153941,17/05/95,CONSCRIPT,0,19867
69,951110517913,Steven,Rogers,Bobby,10/11/95,MALE,NOT MARRIED,"Oak St, Riverside, MD 58102",SERGEANT,FREE,870319037473,10/11/13,STAFF,0,7832
70,920223945798,Charles,Adams,Russell,23/02/92,MALE,NOT MARRIED,"Cedar Ln, Augusta, IA 27601",PRIVATE,ON MISSION,760528485214,23/02/10,CONSCRIPT,0,29418
71,030906017388,Jacob,Jackson,Nathan,06/09/03,MALE,NOT MARRIED,"Pine St, Orlando, MD 17101",SERGEANT,FREE,840414068530,06/09/21,STAFF,2,37435
72,930805210378,Adam,Torres,Adam,05/08/93,MALE,NOT MARRIED,"Main St, Baton Rouge, SC 29201",PRIVATE,ON MISSION,820216530446,05/08/11,CONSCRIPT,2,12313
73,850207120470,Dylan,Bell,Jeremy,07/02/85,MALE,NOT MARRIED,"Cedar Ln, Columbia, KY 58102",PRIVATE,ON MISSION,970224925765,07/02/03,CONSCRIPT,2,10006
74,761027143878,Wayne,Stewart,Alan,27/10/76,MALE,MARRIED,"Main St, Portland, WV 29201",PRIVATE,ON MISSION,920827359771,27/10/94,CONSCRIPT,1,14095
75,760514936579,Austin,Brooks,Andrew,14/05/76,MALE,NOT MARRIED,"Cedar Ln, Columbia, ND 25301",PRIVATE,ON MISSION,760228062032,14/05/94,CONSCRIPT,1,4315
76,870402038585,Walter,Smith,Joe,02/04/87,MALE,NOT MARRIED,"Cedar Ln, Raleigh, CO 80202",PRIVATE,ON MISSION,921104153941,02/04/05,CONSCRIPT,2,8423
77,900228956505,Henry,Lopez,Alan,28/02/90,MALE,NOT MARRIED,"Cedar Ln, Manchester, NC 27601",PRIVATE,ON MISSION,921104153941,28/02/08,CONSCRIPT,1,25841
78,940317115449,Richard,Anderson,Ronald,17/03/94,MALE,NOT MARRIED,"Pine St, Providence, AZ 80202",PRIVATE,ON MISSION,850407909495,17/03/12,CONSCRIPT,2,8236
79,811219197964,Keith,Lewis,David,19/12/81,MALE,NOT MARRIED,"Pine St, Austin, CA 04330",PRIVATE,ON MISSION,811219197964,19/12/99,CONSCRIPT,2,24551
80,951017536651,Ronald,Adams,Brian,17/10/95,MALE,NOT MARRIED,"Oak St, Boise, NE 02901",PRIVATE,ON MISSION,790110399121,17/10/13,CONSCRIPT,2,27966
81,950401001760,Alan,Lee,Nathan,01/04/95,MALE,MARRIED,"Maple Ave, Orlando, CO 58102",PRIVATE,ON MISSION,970428698534,01/04/13,CONSCRIPT,0,26751
82,840827332244,Donald,Cook,Donald,27/08/84,MALE,NOT MARRIED,"Cedar Ln, Lexington, OR 62701",PRIVATE,ON MISSION,850407909495,27/08/02,CONSCRIPT,2,14547
83,000424642048,Scott,Baker,Steven,24/04/00,MALE,NOT MARRIED,"Oak St, Riverside, OR 27601",PRIVATE,ON MISSION,930407169245,24/04/18,CONSCRIPT,1,33110
84,891115272508,Billy,Bennett,Russell,15/11/89,MALE,MARRIED,"Pine St, Baltimore, IL 40502",PRIVATE,ON MISSION,990127629147,15/11/07,CONSCRIPT,0,23082
85,891202460119,Sean,Cooper,Wayne,02/12/89,MALE,NOT MARRIED,"Main St, Lincoln, LA 53703",PRIVATE,ON MISSION,860910051798,02/12/07,CONSCRIPT,1,18930
86,020102330737,Jack,Hughes,Richard,02/01/02,MALE,NOT MARRIED,"Main St, Riverside, WI 40502",PRIVATE,ON MISSION,820216530446,02/01/20,CONSCRIPT,1,11614
87,900917565424,Charles,Lee,Tyler,17/09/90,MALE,NOT MARRIED,"Main St, Raleigh, ID 53703",SERGEANT,ON MISSION,780506391022,17/09/08,STAFF,1,38814
88,791011436921,Anthony,Lopez,Henry,11/10/79,MALE,MARRIED,"Cedar Ln, Providence, PA 68102",PRIVATE,ON MISSION,791011436921,11/10/97,CONSCRIPT,0,11632
89,011224996973,Kevin,Murphy,Kyle,24/12/01,MALE,NOT MARRIED,"Maple Ave, Riverside, NH 17101",PRIVATE,ON MISSION,760228062032,24/12/19,CONSCRIPT,1,13499
90,991104954773,Jonathan,Jenkins,Frederick,04/11/99,MALE,NOT MARRIED,"Cedar Ln, Harrisburg, OR 83702",PRIVATE,ON MISSION,991104954773,04/11/17,CONSCRIPT,2,21840
91,801015408363,Charles,Cook,Donald,15/10/80,MALE,NOT MARRIED,"Cedar Ln, Providence, IL 96801",PRIVATE,ON MISSION,801015408363,15/10/98,CONSCRIPT,0,4351
92,890827974727,Ryan,Cook,Matthew,27/08/89,MALE,NOT MARRIED,"Cedar Ln, Riverside, IL 84101",PRIVATE,FREE,750830841679,27/08/07,CONSCRIPT,2,20624
93,010205431301,Arthur,Scott,Keith,05/02/01,MALE,NOT MARRIED,"Main St, Austin, LA 02901",PRIVATE,FREE,850407909495,05/02/19,CONSCRIPT,0,25059
94,960101581642,Billy,Flores,Russell,01/01/96,MALE,NOT MARRIED,"Main St, Salem, ME 03101",PRIVATE,ON MISSION,840714896136,01/01/14,CONSCRIPT,1,7678
95,020731289381,Arthur,Wilson,Lawrence,31/07/02,MALE,NOT MARRIED,"Maple Ave, Riverside, SC 97201",PRIVATE,FREE,970224925765,31/07/20,CONSCRIPT,2,11237
96,041124664321,Douglas,Wood,Zachary,24/11/04,MALE,NOT MARRIED,"Maple Ave, Austin, AZ 97201",PRIVATE,ON MISSION,750830841679,24/11/22,CONSCRIPT,2,28010
97,800817051658,Walter,Smith,Samuel,17/08/80,MALE,NOT MARRIED,"Oak St, Manchester, HI 68102",PRIVATE,ON MISSION,930407169245,17/08/98,CONSCRIPT,1,15798
98,910317196614,Nathan,Taylor,Harold,17/03/91,MALE,NOT MARRIED,"Pine St, Phoenix, KY 68102",PRIVATE,ON MISSION,840714896136,17/03/09,CONSCRIPT,2,38158
99,830226159286,Larry,Gonzalez,Thomas,26/02/83,MALE,NOT MARRIED,"Oak St, Manchester, SC 21201",LIEUTENANT,ON MISSION,901022902797,26/02/01,STAFF,1,15115
100,861021600123,Ryan,Hernandez,Philip,21/10/86,MALE,NOT MARRIED,"Pine St, Des Moines, OR 32801",PRIVATE,ON MISSION,751109098652,21/10/04,CONSCRIPT,1,20760
101,871011915933,Lawrence,Johnson,Tyler,11/10/87,MALE,NOT MARRIED,"Main St, Providence, IA 27601",PRIVATE,ON MISSION,951110517913,11/10/05,CONSCRIPT,1,13675
102,981029211036,Bryan,Allen,Arthur,29/10/98,MALE,NOT MARRIED,"Main St, Salt Lake City, FL 58102",PRIVATE,ON MISSION,981029211036,29/10/16,CONSCRIPT,0,26599
103,821224473351,Timothy,White,Nathan,24/12/82,MALE,MARRIED,"Pine St, Madison, ME 85001",PRIVATE,ON MISSION,751109098652,24/12/00,CONSCRIPT,1,5456
104,871226322875,Christian,Ross,Gerald,26/12/87,MALE,NOT MARRIED,"Cedar Ln, Madison, CO 25301",PRIVATE,ON MISSION,790110399121,26/12/05,CONSCRIPT,1,39604
105,010819091506,Jack,Washington,Daniel,19/08/01,MALE,NOT MARRIED,"Pine St, Austin, SC 83702",PRIVATE,ON MISSION,930515407672,19/08/19,CONSCRIPT,1,32613
106,930306120066,Douglas,Peterson,David,06/03/93,MALE,NOT MARRIED,"Oak St, Riverside, SC 72201",PRIVATE,ON MISSION,771215431415,06/03/11,CONSCRIPT,1,15078
107,870418872980,Larry,Coleman,Jeremy,18/04/87,MALE,NOT MARRIED,"Oak St, Honolulu, TX 62701",PRIVATE,ON MISSION,751109098652,18/04/05,CONSCRIPT,1,39435
108,941202060481,Randy,Watson,Frank,02/12/94,MALE,NOT MARRIED,"Main St, Orlando, WV 85001",PRIVATE,ON MISSION,821003508215,02/12/12,CONSCRIPT,1,28549
109,950910388423,Jeremy,Simmons,Anthony,10/09/95,MALE,NOT MARRIED,"Main St, Salem, NC 27601",PRIVATE,ON MISSION,930407169245,10/09/13,CONSCRIPT,1,9934
110,790111697782,Keith,Perez,George,11/01/79,MALE,MARRIED,"Oak St, Salem, AR 70801",PRIVATE,ON MISSION,760228062032,11/01/97,CONSCRIPT,1,20870
111,900820105129,Steven,Gray,Peter,20/08/90,MALE,NOT MARRIED,"Maple Ave, Charleston, IL 84101",PRIVATE,ON MISSION,930515407672,20/08/08,CONSCRIPT,1,17422
112,970224925765,Gregory,Howard,Jack,24/02/97,MALE,MARRIED,"Oak St, Baton Rouge, PA 96801",SERGEANT,FREE,780506391022,24/02/15,STAFF,2,16573
113,971012820795,Larry,Martinez,Brian,12/10/97,MALE,MARRIED,"Main St, Orlando, AR 96801",PRIVATE,ON MISSION,971012820795,12/10/15,CONSCRIPT,2,35019
114,980505256784,Juan,Howard,Frederick,05/05/98,MALE,NOT MARRIED,"Maple Ave, Phoenix, FL 78701",PRIVATE,ON MISSION,920325505979,05/05/16,CONSCRIPT,2,34633
115,811107809611,Kenneth,Baker,Willie,07/11/81,MALE,MARRIED,"Pine St, Portland, NE 78701",PRIVATE,ON MISSION,921104153941,07/11/99,CONSCRIPT,1,2819
116,870716470727,William,Stewart,Raymond,16/07/87,MALE,NOT MARRIED,"Main St, Des Moines, TX 53703",PRIVATE,FREE,860910051798,16/07/05,CONSCRIPT,2,16813
117,031024507381,Andrew,Thompson,Raymond,24/10/03,MALE,NOT MARRIED,"Oak St, Lincoln, WV 85001",PRIVATE,ON MISSION,920827359771,24/10/21,CONSCRIPT,2,29854
118,990118557449,Joe,Flores,Brian,18/01/99,MALE,NOT MARRIED,"Cedar Ln, Salem, AZ 97201",PRIVATE,FREE,970414675684,18/01/17,CONSCRIPT,0,32429
119,830313062417,Louis,Davis,Russell,13/03/83,MALE,NOT MARRIED,"Maple Ave, Madison, HI 25301",PRIVATE,FREE,860910051798,13/03/01,CONSCRIPT,1,25011
120,020416824866,Patrick,Mitchell,Gary,16/04/02,MALE,MARRIED,"Cedar Ln, Lincoln, NH 58102",PRIVATE,FREE,020416824866,16/04/20,CONSCRIPT,0,28879
121,911110408161,Jacob,Perry,Christopher,10/11/91,MALE,NOT MARRIED,"Oak St, Springfield, SC 68102",PRIVATE,FREE,911110408161,10/11/09,CONSCRIPT,0,33954
122,870222941448,Jason,Hall,Gregory,22/02/87,MALE,MARRIED,"Main St, Des Moines, NC 68102",PRIVATE,ON MISSION,870222941448,22/02/05,CONSCRIPT,1,17187
123,921101776819,Walter,Watson,Douglas,01/11/92,MALE,MARRIED,"Maple Ave, Orlando, ID 29201",PRIVATE,FREE,760528485214,01/11/10,CONSCRIPT,1,31295
124,990925842039,Billy,Patterson,Andrew,25/09/99,MALE,MARRIED,"Oak St, Manchester, OR 21201",PRIVATE,FREE,840714896136,25/09/17,CONSCRIPT,1,16021
125,941113300920,Jeffrey,Richardson,George,13/11/94,MALE,NOT MARRIED,"Maple Ave, Augusta, AZ 32801",PRIVATE,FREE,980812484094,13/11/12,CONSCRIPT,0,15812
126,860313856022,Wayne,Campbell,Howard,13/03/86,MALE,NOT MARRIED,"Pine St, Charleston, RI 62701",PRIVATE,FREE,850407909495,13/03/04,CONSCRIPT,0,3122
127,850501233628,Charles,Watson,Jacob,01/05/85,MALE,MARRIED,"Cedar Ln, Augusta, FL 29201",PRIVATE,FREE,900917565424,01/05/03,CONSCRIPT,1,18274
128,850327002505,George,Brooks,Robert,27/03/85,MALE,MARRIED,"Maple Ave, Phoenix, UT 80202",PRIVATE,FREE,751109098652,27/03/03,CONSCRIPT,0,16947
129,850407909495,Thomas,Cook,Roger,07/04/85,MALE,NOT MARRIED,"Pine St, Honolulu, HI 97201",SERGEANT,FREE,920515609759,07/04/03,STAFF,0,25678
130,040923147427,Sean,Reed,Willie,23/09/04,MALE,NOT MARRIED,"Oak St, Little Rock, LA 03101",PRIVATE,FREE,861230558075,23/09/22,CONSCRIPT,1,26016
131,780701920326,Jordan,Gonzalez,Ralph,01/07/78,MALE,NOT MARRIED,"Cedar Ln, Boise, AR 85001",PRIVATE,FREE,790110399121,01/07/96,CONSCRIPT,0,19589
132,041204892004,Lawrence,Nelson,Adam,04/12/04,MALE,NOT MARRIED,"Oak St, Augusta, IL 17101",PRIVATE,FREE,840714896136,04/12/22,CONSCRIPT,0,36627
133,850910118297,Kenneth,Jones,Gerald,10/09/85,MALE,MARRIED,"Maple Ave, Baton Rouge, UT 97201",PRIVATE,FREE,930407169245,10/09/03,CONSCRIPT,2,18953
134,000409236118,Ethan,Ross,Donald,09/04/00,MALE,MARRIED,"Oak St, Harrisburg, CO 84101",PRIVATE,FREE,820216530446,09/04/18,CONSCRIPT,0,9062
135,860812646499,Christian,Nelson,Kyle,12/08/86,MALE,NOT MARRIED,"Oak St, Little Rock, MD 78701",PRIVATE,FREE,920325505979,12/08/04,CONSCRIPT,0,26964
136,870213460187,Albert,Martinez,Brandon,13/02/87,MALE,NOT MARRIED,"Oak St, Fargo, WI 72201",PRIVATE,FREE,920325505979,13/02/05,CONSCRIPT,0,32501
137,990726467818,Henry,Garcia,Peter,26/07/99,MALE,NOT MARRIED,"Oak St, Austin, CA 62701",PRIVATE,FREE,920325505979,26/07/17,CONSCRIPT,1,10087
138,031128329927,Charles,Wright,Frederick,28/11/03,MALE,MARRIED,"Oak St, Charleston, CA 70801",PRIVATE,FREE,031128329927,28/11/21,CONSCRIPT,0,5242
139,980308306322,John,Cook,Lawrence,08/03/98,MALE,NOT MARRIED,"Pine St, Portland, MD 62701",PRIVATE,FREE,980812484094,08/03/16,CONSCRIPT,1,19009
140,970503574566,Eugene,Walker,Louis,03/05/97,MALE,MARRIED,"Oak St, Springfield, OR 03101",PRIVATE,FREE,970503574566,03/05/15,CONSCRIPT,0,18751
141,880826942757,Joshua,Barnes,Matthew,26/08/88,MALE,NOT MARRIED,"Main St, Des Moines, WV 96801",PRIVATE,FREE,821003508215,26/08/06,CONSCRIPT,2,10360
142,000205600056,Jordan,Clark,Larry,05/02/00,MALE,MARRIED,"Main St, Harrisburg, ID 25301",PRIVATE,FREE,930515407672,05/02/18,CONSCRIPT,0,27636
143,960822034747,Keith,Watson,Joseph,22/08/96,MALE,NOT MARRIED,"Maple Ave, Columbia, NC 32801",PRIVATE,FREE,861230558075,22/08/14,CONSCRIPT,2,21148
144,011217136201,Brandon,Bell,Walter,17/12/01,MALE,NOT MARRIED,"Cedar Ln, Augusta, WI 17101",SERGEANT,FREE,870319037473,17/12/19,STAFF,1,26627
145,850818037590,Dylan,Hill,Willie,18/08/85,MALE,NOT MARRIED,"Pine St, Portland, ME 83702",PRIVATE,FREE,760528485214,18/08/03,CONSCRIPT,2,18372
146,770108898851,John,Lopez,Carl,08/01/77,MALE,MARRIED,"Main St, Austin, TX 96801",PRIVATE,FREE,760228062032,08/01/95,CONSCRIPT,1,26253
147,890108824188,Arthur,Lee,Peter,08/01/89,MALE,NOT MARRIED,"Maple Ave, Baton Rouge, IA 32801",PRIVATE,FREE,890108824188,08/01/07,CONSCRIPT,0,31370
148,780501417570,Noah,Hughes,Nicholas,01/05/78,MALE,NOT MARRIED,"Oak St, Charleston, NE 40502",PRIVATE,FREE,840714896136,01/05/96,CONSCRIPT,1,4743
149,950913609667,Adam,Torres,Kevin,13/09/95,MALE,NOT MARRIED,"Main St, Harrisburg, FL 29201",PRIVATE,FREE,950913609667,13/09/13,CONSCRIPT,2,28970
150,930515407672,Jerry,Parker,Jonathan,15/05/93,MALE,MARRIED,"Main St, Salt Lake City, AZ 40502",SERGEANT,FREE,780506391022,15/05/11,STAFF,2,20869
151,970428698534,Samuel,Davis,Jacob,28/04/97,MALE,NOT MARRIED,"Pine St, Baltimore, CO 03101",SERGEANT,FREE,830226159286,28/04/15,STAFF,2,31676
152,980312311972,Dennis,Richardson,Edward,12/03/98,MALE,NOT MARRIED,"Cedar Ln, Providence, HI 78701",PRIVATE,FREE,970428698534,12/03/16,CONSCRIPT,0,17866
153,830619805028,Alan,Price,Harry,19/06/83,MALE,NOT MARRIED,"Maple Ave, Riverside, WI 78701",PRIVATE,FREE,990127629147,19/06/01,CONSCRIPT,0,30106
154,940322626391,George,Young,Billy,22/03/94,MALE,MARRIED,"Pine St, Charleston, KY 58102",PRIVATE,FREE,900917565424,22/03/12,CONSCRIPT,2,2574
155,890831281168,Arthur,Allen,Steven,31/08/89,MALE,MARRIED,"Cedar Ln, Austin, OR 27601",PRIVATE,FREE,760228062032,31/08/07,CONSCRIPT,0,36889
156,970205657373,Jack,Lopez,Richard,05/02/97,MALE,NOT MARRIED,"Main St, Austin, ND 80202",PRIVATE,FREE,990127629147,05/02/15,CONSCRIPT,1,11067
157,760502466244,Joshua,Bell,Mark,02/05/76,MALE,NOT MARRIED,"Oak St, Lexington, TX 32801",PRIVATE,FREE,760502466244,02/05/94,CONSCRIPT,0,6404
158,790304077637,John,Campbell,Frederick,04/03/79,MALE,MARRIED,"Maple Ave, Charleston, NC 68102",PRIVATE,FREE,861230558075,04/03/97,CONSCRIPT,1,24791
159,930407169245,Robert,Anderson,Jeffrey,07/04/93,MALE,NOT MARRIED,"Pine St, Madison, ME 03101",SERGEANT,FREE,830226159286,07/04/11,STAFF,1,16347
160,871020300953,Roger,Smith,Benjamin,20/10/87,MALE,NOT MARRIED,"Maple Ave, Raleigh, ND 17101",PRIVATE,FREE,930515407672,20/10/05,CONSCRIPT,1,39542
161,791020831861,Joe,Ross,Jeffrey,20/10/79,MALE,NOT MARRIED,"Main St, Fargo, FL 32801",PRIVATE,FREE,920827359771,20/10/97,CONSCRIPT,2,27343
162,940101018740,Kevin,James,Brian,01/01/94,MALE,NOT MARRIED,"Main St, Salt Lake City, SC 62701",PRIVATE,FREE,850407909495,01/01/12,STAFF,0,36809
163,840831838127,Sean,Rogers,Gregory,31/08/84,MALE,MARRIED,"Pine St, Portland, TX 27601",PRIVATE,FREE,970428698534,31/08/02,CONSCRIPT,0,12478
164,820317532788,Roy,Ward,Aaron,17/03/82,MALE,NOT MARRIED,"Pine St, Orlando, CA 96801",PRIVATE,FREE,750830841679,17/03/00,CONSCRIPT,2,12731
165,970322794655,Logan,Nelson,Benjamin,22/03/97,MALE,MARRIED,"Maple Ave, Little Rock, ME 17101",PRIVATE,FREE,970414675684,22/03/15,CONSCRIPT,0,15014
166,010130724372,Albert,Lee,Harold,30/01/01,MALE,MARRIED,"Oak St, Raleigh, NC 32801",PRIVATE,FREE,861230558075,30/01/19,CONSCRIPT,1,22248
167,770420703883,Randy,Watson,Larry,20/04/77,MALE,NOT MARRIED,"Pine St, Honolulu, CA 92501",PRIVATE,FREE,920325505979,20/04/95,CONSCRIPT,1,34779
168,940730717495,Russell,Ross,Alexander,30/07/94,MALE,NOT MARRIED,"Oak St, Salt Lake City, PA 85001",PRIVATE,FREE,940730717495,30/07/12,CONSCRIPT,1,8586
169,850330799413,Aaron,Watson,Edward,30/03/85,MALE,NOT MARRIED,"Pine St, Springfield, IA 25301",PRIVATE,FREE,840714896136,30/03/03,CONSCRIPT,1,6614
170,960209708360,Vincent,Butler,Johnny,09/02/96,MALE,NOT MARRIED,"Maple Ave, Springfield, CA 97301",PRIVATE,FREE,840714896136,09/02/14,CONSCRIPT,0,20227
171,810208794578,Stephen,Lewis,Alan,08/02/81,MALE,NOT MARRIED,"Pine St, Baton Rouge, NC 58102",PRIVATE,FREE,760228062032,08/02/99,CONSCRIPT,0,27426
172,911103334834,Eric,Gonzales,Larry,03/11/91,MALE,MARRIED,"Maple Ave, Lexington, ID 92501",PRIVATE,FREE,771215431415,03/11/09,CONSCRIPT,0,34050
173,750828987600,Russell,Edwards,Dennis,28/08/75,MALE,MARRIED,"Cedar Ln, Salt Lake City, WI 25301",PRIVATE,FREE,860916132767,28/08/93,CONSCRIPT,2,2620
174,760311143557,Austin,Carter,Larry,11/03/76,MALE,NOT MARRIED,"Oak St, Orlando, NH 78701",PRIVATE,FREE,970428698534,11/03/94,CONSCRIPT,2,35649
175,890515406907,Jeremy,Allen,Philip,15/05/89,MALE,NOT MARRIED,"Main St, Des Moines, CO 97201",PRIVATE,FREE,930407169245,15/05/07,CONSCRIPT,0,3856
176,940103252790,Terry,Rogers,Stephen,03/01/94,MALE,MARRIED,"Cedar Ln, Baltimore, ND 97301",PRIVATE,FREE,940103252790,03/01/12,CONSCRIPT,0,39198
177,851108543611,Ralph,Rogers,Bruce,08/11/85,MALE,NOT MARRIED,"Cedar Ln, Boise, OR 97201",PRIVATE,FREE,861230558075,08/11/03,CONSCRIPT,0,26389
178,850406111881,Samuel,Turner,Eric,06/04/85,MALE,NOT MARRIED,"Cedar Ln, Madison, OR 04330",PRIVATE,FREE,970224925765,06/04/03,CONSCRIPT,2,25050
179,770208185651,Daniel,Hernandez,Ralph,08/02/77,MALE,NOT MARRIED,"Main St, Portland, CA 21201",PRIVATE,FREE,921104153941,08/02/95,CONSCRIPT,1,12088
180,760202628361,Frank,Foster,David,02/02/76,MALE,MARRIED,"Cedar Ln, Salem, IA 25301",PRIVATE,FREE,990127629147,02/02/94,CONSCRIPT,1,9318
181,000419819316,Jeremy,Hall,Roger,19/04/00,MALE,NOT MARRIED,"Maple Ave, Madison, IL 21201",PRIVATE,FREE,860910051798,19/04/18,CONSCRIPT,2,34131
182,020401703987,Terry,Brown,Frank,01/04/02,MALE,MARRIED,"Oak St, Lincoln, ND 96801",PRIVATE,FREE,821003508215,01/04/20,CONSCRIPT,0,12297
183,940513511444,Daniel,Patterson,Paul,13/05/94,MALE,NOT MARRIED,"Cedar Ln, Orlando, CO 80202",PRIVATE,FREE,970414675684,13/05/12,CONSCRIPT,2,36178
184,991215517438,Bruce,Morgan,Steven,15/12/99,MALE,NOT MARRIED,"Oak St, Harrisburg, TX 70801",PRIVATE,FREE,921104153941,15/12/17,CONSCRIPT,0,37155
185,930818841521,Jack,Scott,Raymond,18/08/93,MALE,NOT MARRIED,"Oak St, Springfield, HI 62701",PRIVATE,FREE,751109098652,18/08/11,CONSCRIPT,2,25354
186,961226929405,Frank,Kelly,Kenneth,26/12/96,MALE,NOT MARRIED,"Oak St, Madison, MD 97301",PRIVATE,FREE,921104153941,26/12/14,CONSCRIPT,1,9191
187,840714896136,Jack,Howard,Jason,14/07/84,MALE,MARRIED,"Oak St, Orlando, SC 02901",SERGEANT,FREE,870319037473,14/07/02,STAFF,0,32008
188,040112461991,Frank,Lee,Isaac,12/01/04,MALE,NOT MARRIED,"Cedar Ln, Fargo, OR 97301",PRIVATE,FREE,751109098652,12/01/22,CONSCRIPT,0,14280
189,940103602739,Gregory,Bailey,Harold,03/01/94,MALE,NOT MARRIED,"Pine St, Springfield, NC 80202",PRIVATE,FREE,970224925765,03/01/12,CONSCRIPT,1,37146
190,961231382686,Billy,Scott,Adam,31/12/96,MALE,NOT MARRIED,"Pine St, Raleigh, OR 85001",PRIVATE,FREE,961231382686,31/12/14,CONSCRIPT,0,2967
191,771213590553,Jason,Rivera,Willie,13/12/77,MALE,NOT MARRIED,"Oak St, Little Rock, IA 83702",PRIVATE,FREE,860910051798,13/12/95,CONSCRIPT,1,9017
192,991115916742,Brandon,Williams,Patrick,15/11/99,MALE,NOT MARRIED,"Maple Ave, Austin, CA 70801",PRIVATE,FREE,920325505979,15/11/17,CONSCRIPT,2,35836
193,970409749356,Juan,Sanchez,Samuel,09/04/97,MALE,NOT MARRIED,"Main St, Charleston, SC 03101",PRIVATE,FREE,970409749356,09/04/15,CONSCRIPT,1,8566
194,020814971146,Jeffrey,Davis,Michael,14/08/02,MALE,NOT MARRIED,"Oak St, Des Moines, CO 25301",PRIVATE,FREE,020814971146,14/08/20,CONSCRIPT,1,9080
195,001003417491,Brian,Wilson,Matthew,03/10/00,MALE,NOT MARRIED,"Main St, Providence, OR 92501",PRIVATE,FREE,790110399121,03/10/18,CONSCRIPT,0,4317
196,941023722330,Albert,Martinez,Jeremy,23/10/94,MALE,NOT MARRIED,"Main St, Boise, MD 27601",PRIVATE,FREE,941023722330,23/10/12,CONSCRIPT,0,2356
197,800130426093,Roy,Henderson,Johnny,30/01/80,MALE,NOT MARRIED,"Cedar Ln, Orlando, HI 40502",PRIVATE,FREE,800130426093,30/01/98,CONSCRIPT,0,21501
198,831102161684,Roy,Hernandez,Bruce,02/11/83,MALE,NOT MARRIED,"Main St, Honolulu, TX 27601",PRIVATE,FREE,831102161684,02/11/01,CONSCRIPT,0,30198
199,940717980391,Steven,Ramirez,Peter,17/07/94,MALE,NOT MARRIED,"Cedar Ln, Portland, LA 97201",PRIVATE,FREE,980812484094,17/07/12,CONSCRIPT,2,7653
200,850206953718,Peter,Scott,Aaron,06/02/85,MALE,NOT MARRIED,"Pine St, Columbia, TX 84101",PRIVATE,FREE,860910051798,06/02/03,CONSCRIPT,2,15034
201,940406971591,Kenneth,Henderson,Eugene,06/04/94,MALE,MARRIED,"Main St, Austin, ND 68102",PRIVATE,FREE,970428698534,06/04/12,CONSCRIPT,1,8395
202,890606690340,Bruce,Smith,Bobby,06/06/89,MALE,NOT MARRIED,"Oak St, Austin, RI 53703",PRIVATE,FREE,900917565424,06/06/07,CONSCRIPT,2,30228
203,970228699009,Joseph,Allen,Edward,28/02/97,MALE,MARRIED,"Cedar Ln, Harrisburg, ME 92501",PRIVATE,FREE,860916132767,28/02/15,CONSCRIPT,2,22952
204,880411142871,Tyler,Gonzales,Peter,11/04/88,MALE,NOT MARRIED,"Cedar Ln, Salem, HI 96801",PRIVATE,FREE,880411142871,11/04/06,CONSCRIPT,0,37660
205,900817482335,Jason,Watson,Albert,17/08/90,MALE,NOT MARRIED,"Maple Ave, Riverside, LA 58102",PRIVATE,FREE,850407909495,17/08/08,CONSCRIPT,0,6824
206,030220976031,Ralph,Foster,Frederick,20/02/03,MALE,NOT MARRIED,"Maple Ave, Riverside, ID 25301",SERGEANT,FREE,920515609759,20/02/21,STAFF,1,3413
207,990101231854,Brandon,Bell,Frederick,01/01/99,MALE,NOT MARRIED,"Main St, Orlando, ND 27601",PRIVATE,FREE,861230558075,01/01/17,CONSCRIPT,0,17486
208,950822009667,Jeffrey,Hill,Billy,22/08/95,MALE,NOT MARRIED,"Oak St, Orlando, CA 04330",PRIVATE,FREE,970414675684,22/08/13,CONSCRIPT,0,21468
209,901027853117,Patrick,Gonzales,Frederick,27/10/90,MALE,NOT MARRIED,"Maple Ave, Madison, OR 32801",PRIVATE,FREE,840714896136,27/10/08,CONSCRIPT,1,38955
210,870611767467,Gerald,Watson,Steven,11/06/87,MALE,MARRIED,"Maple Ave, Madison, NH 97301",PRIVATE,FREE,970428698534,11/06/05,CONSCRIPT,1,3071
211,761206956396,Scott,Collins,Aaron,06/12/76,MALE,NOT MARRIED,"Maple Ave, Little Rock, HI 96801",PRIVATE,FREE,760228062032,06/12/94,CONSCRIPT,1,7322
212,030708999404,Frank,Long,Joe,08/07/03,MALE,MARRIED,"Pine St, Harrisburg, KY 29201",PRIVATE,FREE,771215431415,08/07/21,CONSCRIPT,2,21148
213,791121850655,Gabriel,Baker,Aaron,21/11/79,MALE,MARRIED,"Pine St, Baltimore, ME 72201",PRIVATE,FREE,791121850655,21/11/97,CONSCRIPT,0,12496
214,891004928506,Samuel,Miller,Brandon,04/10/89,MALE,NOT MARRIED,"Pine St, Portland, IA 29201",PRIVATE,FREE,790110399121,04/10/07,CONSCRIPT,2,19783
215,000509218774,Jose,Hernandez,Keith,09/05/00,MALE,NOT MARRIED,"Main St, Raleigh, FL 53703",PRIVATE,FREE,921104153941,09/05/18,CONSCRIPT,2,26504
216,750829681849,Roger,Ward,Jason,29/08/75,MALE,MARRIED,"Cedar Ln, Raleigh, OR 04330",PRIVATE,FREE,760228062032,29/08/93,CONSCRIPT,1,20218
217,950905043661,Russell,Thompson,Nicholas,05/09/95,MALE,NOT MARRIED,"Main St, Phoenix, KY 29201",PRIVATE,FREE,760528485214,05/09/13,CONSCRIPT,1,6002
218,040428584422,Austin,Martin,Zachary,28/04/04,MALE,NOT MARRIED,"Pine St, Manchester, CA 03101",PRIVATE,FREE,750830841679,28/04/22,CONSCRIPT,2,18218
219,870319037473,Bruce,Bailey,Daniel,19/03/87,MALE,NOT MARRIED,"Oak St, Salt Lake City, ME 53703",LIEUTENANT,ON MISSION,901022902797,19/03/05,STAFF,2,37928
220,821003508215,Jerry,Hernandez,Adam,03/10/82,MALE,NOT MARRIED,"Main St, Columbia, PA 97301",SERGEANT,ON MISSION,870319037473,03/10/00,STAFF,0,20403
221,930521578647,Brandon,Rivera,Daniel,21/05/93,MALE,NOT MARRIED,"Oak St, Harrisburg, AR 84101",PRIVATE,FREE,760528485214,21/05/11,CONSCRIPT,0,10439
222,771215431415,Nathan,Sanders,Louis,15/12/77,MALE,NOT MARRIED,"Cedar Ln, Augusta, SC 84101",SERGEANT,FREE,870319037473,15/12/95,STAFF,2,20486
223,870315906282,Willie,Harris,Tyler,15/03/87,MALE,MARRIED,"Cedar Ln, Baltimore, NH 03101",PRIVATE,FREE,850407909495,15/03/05,CONSCRIPT,2,22639
224,980523566097,Matthew,Taylor,Timothy,23/05/98,MALE,NOT MARRIED,"Main St, Riverside, FL 85001",PRIVATE,FREE,751109098652,23/05/16,CONSCRIPT,0,29638
225,820216530446,Walter,Hernandez,Edward,16/02/82,MALE,NOT MARRIED,"Cedar Ln, Portland, NH 03101",SERGEANT,ON MISSION,780506391022,16/02/00,STAFF,2,21039
226,830305869919,David,Murphy,Nicholas,05/03/83,MALE,NOT MARRIED,"Main St, Salt Lake City, SC 97301",PRIVATE,FREE,930407169245,05/03/01,CONSCRIPT,2,39651
227,921104153941,Jerry,Young,Scott,04/11/92,MALE,MARRIED,"Main St, Raleigh, RI 17101",SERGEANT,FREE,840414068530,04/11/10,STAFF,1,37456
228,950914987209,Paul,Morgan,Zachary,14/09/95,MALE,MARRIED,"Pine St, Harrisburg, FL 97301",PRIVATE,FREE,980812484094,14/09/13,CONSCRIPT,0,4461
229,980530881566,Bryan,Adams,Justin,30/05/98,MALE,NOT MARRIED,"Pine St, Lexington, TX 03101",PRIVATE,FREE,821003508215,30/05/16,CONSCRIPT,2,14020
230,751013615875,Albert,Jackson,Dennis,13/10/75,MALE,NOT MARRIED,"Maple Ave, Denver, ID 32801",PRIVATE,FREE,751013615875,13/10/93,CONSCRIPT,1,5403
231,020703761467,Christopher,Thompson,Russell,03/07/02,MALE,MARRIED,"Maple Ave, Providence, KY 58102",PRIVATE,FREE,920325505979,03/07/20,CONSCRIPT,0,35602
232,870818224957,Benjamin,Cooper,Jose,18/08/87,MALE,MARRIED,"Maple Ave, Baton Rouge, WV 96801",PRIVATE,FREE,990127629147,18/08/05,CONSCRIPT,0,26272
233,830811646774,Jose,Thomas,Matthew,11/08/83,MALE,NOT MARRIED,"Cedar Ln, Phoenix, TX 50309",PRIVATE,FREE,830811646774,11/08/01,CONSCRIPT,2,3889
234,760831635143,William,Rivera,Edward,31/08/76,MALE,NOT MARRIED,"Maple Ave, Raleigh, IL 68102",PRIVATE,FREE,820216530446,31/08/94,CONSCRIPT,0,30783
235,800901550280,Ethan,Richardson,David,01/09/80,MALE,NOT MARRIED,"Maple Ave, Salt Lake City, NH 17101",PRIVATE,FREE,951110517913,01/09/98,CONSCRIPT,2,29392
236,860830859036,Joseph,Mitchell,Roy,30/08/86,MALE,MARRIED,"Main St, Fargo, HI 25301",PRIVATE,FREE,970414675684,30/08/04,CONSCRIPT,0,38381
237,990723506334,Eugene,Rogers,Scott,23/07/99,MALE,NOT MARRIED,"Oak St, Baltimore, SC 32801",PRIVATE,FREE,990127629147,23/07/17,CONSCRIPT,1,26729
238,940626042730,Kevin,Bell,Johnny,26/06/94,MALE,MARRIED,"Cedar Ln, Des Moines, TX 58102",PRIVATE,FREE,771215431415,26/06/12,CONSCRIPT,0,21055
239,990913287594,Kenneth,White,Jonathan,13/09/99,MALE,NOT MARRIED,"Maple Ave, Manchester, LA 68102",PRIVATE,FREE,921104153941,13/09/17,CONSCRIPT,2,16611
240,980924273089,Frank,Ramirez,Benjamin,24/09/98,MALE,NOT MARRIED,"Oak St, Salem, OR 29201",PRIVATE,FREE,900917565424,24/09/16,CONSCRIPT,1,35346
241,771016259539,Ethan,Bennett,Jack,16/10/77,MALE,MARRIED,"Main St, Portland, LA 62701",PRIVATE,FREE,820216530446,16/10/95,CONSCRIPT,1,31912
242,810922148300,Justin,Taylor,Bruce,22/09/81,MALE,NOT MARRIED,"Main St, Providence, PA 70801",PRIVATE,FREE,920827359771,22/09/99,CONSCRIPT,2,4672
243,801129141302,William,Richardson,Howard,29/11/80,MALE,NOT MARRIED,"Cedar Ln, Denver, ND 04330",PRIVATE,FREE,801129141302,29/11/98,CONSCRIPT,0,6988
244,810403923400,Steven,King,Zachary,03/04/81,MALE,NOT MARRIED,"Oak St, Lincoln, OR 21201",PRIVATE,FREE,840714896136,03/04/99,CONSCRIPT,1,16984
245,761005418963,Russell,Thomas,Ronald,05/10/76,MALE,MARRIED,"Maple Ave, Columbia, NE 78701",PRIVATE,FREE,821003508215,05/10/94,CONSCRIPT,1,13669
246,930228252553,Jesse,Howard,Ronald,28/02/93,MALE,NOT MARRIED,"Main St, Salt Lake City, ME 92501",PRIVATE,FREE,951110517913,28/02/11,CONSCRIPT,0,22342
247,800722611349,George,Reed,John,22/07/80,MALE,MARRIED,"Main St, Baton Rouge, MD 53703",PRIVATE,FREE,860916132767,22/07/98,CONSCRIPT,0,26286
248,850529879252,Matthew,Lee,Robert,29/05/85,MALE,NOT MARRIED,"Cedar Ln, Portland, IL 40502",PRIVATE,FREE,821003508215,29/05/03,CONSCRIPT,0,30276
249,770224614269,Gabriel,James,Terry,24/02/77,MALE,NOT MARRIED,"Cedar Ln, Lexington, HI 97201",PRIVATE,FREE,770224614269,24/02/95,CONSCRIPT,2,28087
250,790523407655,Ethan,Perry,Brian,23/05/79,MALE,NOT MARRIED,"Main St, Lincoln, OR 68102",PRIVATE,FREE,970224925765,23/05/97,CONSCRIPT,1,10291
251,040521759292,Gary,Gonzalez,Edward,21/05/04,MALE,NOT MARRIED,"Cedar Ln, Columbia, NH 03101",PRIVATE,FREE,821003508215,21/05/22,CONSCRIPT,2,11197
252,971215216441,Justin,Bennett,Victor,15/12/97,MALE,NOT MARRIED,"Oak St, Boise, OR 80202",PRIVATE,FREE,750830841679,15/12/15,CONSCRIPT,2,29353
253,941109235912,Gary,Young,Martin,09/11/94,MALE,NOT MARRIED,"Pine St, Manchester, SC 50309",PRIVATE,FREE,860916132767,09/11/12,CONSCRIPT,1,6364
254,970317818639,Joe,Johnson,Philip,17/03/97,MALE,NOT MARRIED,"Oak St, Salem, IA 50309",PRIVATE,FREE,771215431415,17/03/15,CONSCRIPT,1,33883
255,020313814558,Justin,Peterson,Martin,13/03/02,MALE,NOT MARRIED,"Maple Ave, Austin, KY 29201",PRIVATE,FREE,900917565424,13/03/20,CONSCRIPT,2,14972
256,970219400885,Gabriel,Ross,Raymond,19/02/97,MALE,MARRIED,"Oak St, Lincoln, AR 62701",PRIVATE,FREE,861230558075,19/02/15,CONSCRIPT,1,31514
257,750320752369,Wayne,Jackson,Jose,20/03/75,MALE,NOT MARRIED,"Oak St, Boise, OR 27601",PRIVATE,FREE,970414675684,20/03/93,CONSCRIPT,2,8870
258,771126842372,Richard,Reed,Brian,26/11/77,MALE,NOT MARRIED,"Main St, Raleigh, FL 85001",PRIVATE,FREE,970414675684,26/11/95,CONSCRIPT,0,23387
259,811031346321,Daniel,Martin,Carl,31/10/81,MALE,NOT MARRIED,"Pine St, Raleigh, OR 25301",PRIVATE,FREE,760228062032,31/10/99,CONSCRIPT,0,28614
260,800430751905,Matthew,Sanders,Ralph,30/04/80,MALE,MARRIED,"Maple Ave, Riverside, KY 02901",PRIVATE,FREE,930515407672,30/04/98,CONSCRIPT,0,35581
261,901022902797,Jonathan,Wood,Jason,22/10/90,MALE,MARRIED,"Main St, Austin, LA 84101",CAPTAIN,FREE,,22/10/08,STAFF,2,55643
262,950213097070,Ryan,Clark,Carl,13/02/95,MALE,MARRIED,"Oak St, Orlando, UT 78701",PRIVATE,FREE,970414675684,13/02/13,CONSCRIPT,0,6139
263,930919471835,Jeremy,Cox,Howard,19/09/93,MALE,NOT MARRIED,"Main St, Columbia, WI 97301",PRIVATE,FREE,930515407672,19/09/11,CONSCRIPT,1,31018
264,770608898459,Harold,Kelly,Frank,08/06/77,MALE,MARRIED,"Maple Ave, Raleigh, IA 96801",PRIVATE,FREE,770608898459,08/06/95,CONSCRIPT,0,7048
265,751109098652,Austin,Harris,Justin,09/11/75,MALE,MARRIED,"Oak St, Columbia, LA 78701",SERGEANT,FREE,920515609759,09/11/93,STAFF,2,29238
266,790630534025,Joseph,Miller,Anthony,30/06/79,MALE,NOT MARRIED,"Oak St, Portland, ME 97301",PRIVATE,FREE,790110399121,30/06/97,CONSCRIPT,1,34834
267,950924665762,Keith,Hall,Jeffrey,24/09/95,MALE,NOT MARRIED,"Pine St, Austin, CO 97201",PRIVATE,FREE,751109098652,24/09/13,CONSCRIPT,2,37372
268,750617869438,Brandon,Jones,Eric,17/06/75,MALE,NOT MARRIED,"Main St, Salem, FL 27601",PRIVATE,FREE,760528485214,17/06/93,CONSCRIPT,1,27146
269,910604544742,Sean,Simmons,Scott,04/06/91,MALE,NOT MARRIED,"Cedar Ln, Manchester, TX 29201",PRIVATE,FREE,980812484094,04/06/09,CONSCRIPT,2,2835
270,860526442499,Alan,Gonzales,Brian,26/05/86,MALE,MARRIED,"Main St, Baltimore, OR 17101",PRIVATE,FREE,970414675684,26/05/04,CONSCRIPT,2,5948
271,820530517610,Alan,Butler,Zachary,30/05/82,MALE,NOT MARRIED,"Maple Ave, Charleston, TX 84101",PRIVATE,FREE,820530517610,30/05/00,CONSCRIPT,0,17160
272,890516962755,Nicholas,Adams,Jerry,16/05/89,MALE,NOT MARRIED,"Maple Ave, Augusta, CA 58102",PRIVATE,FREE,751109098652,16/05/07,CONSCRIPT,2,17241
273,000628901901,Noah,Turner,Zachary,28/06/00,MALE,NOT MARRIED,"Main St, Salem, AR 97201",PRIVATE,FREE,900917565424,28/06/18,CONSCRIPT,0,20033
274,970307883686,Gregory,Clark,Eric,07/03/97,MALE,MARRIED,"Pine St, Little Rock, ME 53703",PRIVATE,FREE,821003508215,07/03/15,CONSCRIPT,1,21588
275,890821389936,Raymond,Carter,Terry,21/08/89,MALE,MARRIED,"Main St, Baltimore, OR 50309",PRIVATE,FREE,920827359771,21/08/07,CONSCRIPT,0,35339
276,770224053008,Joshua,Perry,Lawrence,24/02/77,MALE,NOT MARRIED,"Maple Ave, Little Rock, UT 92501",PRIVATE,FREE,760528485214,24/02/95,CONSCRIPT,1,36561
277,890806891674,Joe,Hernandez,Benjamin,06/08/89,MALE,MARRIED,"Main St, Des Moines, LA 83702",PRIVATE,FREE,750830841679,06/08/07,CONSCRIPT,1,27458
278,781109909623,Albert,Cooper,Jonathan,09/11/78,MALE,MARRIED,"Pine St, Lincoln, AZ 27601",PRIVATE,FREE,850407909495,09/11/96,CONSCRIPT,2,26220
279,890727383743,Mark,Gray,Billy,27/07/89,MALE,NOT MARRIED,"Oak St, Harrisburg, AR 25301",PRIVATE,FREE,970428698534,27/07/07,CONSCRIPT,2,24187
280,020429056393,Vincent,Baker,Jeremy,29/04/02,MALE,MARRIED,"Maple Ave, Portland, RI 29201",SERGEANT,FREE,830226159286,29/04/20,STAFF,1,34375
281,951202076045,Kyle,Price,Jack,02/12/95,MALE,MARRIED,"Main St, Salem, ND 32801",PRIVATE,FREE,750830841679,02/12/13,CONSCRIPT,1,11164
282,810913285295,Lawrence,Peterson,Larry,13/09/81,MALE,NOT MARRIED,"Maple Ave, Raleigh, SC 29201",PRIVATE,FREE,920827359771,13/09/99,CONSCRIPT,2,9220
283,890606101692,Austin,Price,Bruce,06/06/89,MALE,NOT MARRIED,"Main St, Salem, WV 70801",PRIVATE,FREE,760528485214,06/06/07,CONSCRIPT,0,36396
284,761025534126,Gregory,Cooper,Harry,25/10/76,MALE,NOT MARRIED,"Main St, Springfield, PA 27601",PRIVATE,FREE,970224925765,25/10/94,CONSCRIPT,1,9807
285,791021738122,Scott,Allen,Matthew,21/10/79,MALE,NOT MARRIED,"Oak St, Portland, WI 02901",PRIVATE,FREE,930407169245,21/10/97,CONSCRIPT,1,6825
286,860910051798,Louis,Watson,Eugene,10/09/86,MALE,NOT MARRIED,"Oak St, Boise, ND 21201",SERGEANT,FREE,920515609759,10/09/04,STAFF,1,21239
287,930805709570,Samuel,Hughes,Joe,05/08/93,MALE,MARRIED,"Pine St, Des Moines, IA 96801",PRIVATE,FREE,990127629147,05/08/11,CONSCRIPT,2,20612
288,030828512426,Tyler,Washington,Johnny,28/08/03,MALE,MARRIED,"Maple Ave, Raleigh, CA 27601",PRIVATE,FREE,850407909495,28/08/21,CONSCRIPT,2,33926
289,780108787273,Ethan,Reed,Russell,08/01/78,MALE,NOT MARRIED,"Cedar Ln, Charleston, CA 96801",PRIVATE,FREE,820216530446,08/01/96,CONSCRIPT,1,14744
290,900415747630,Aaron,White,Louis,15/04/90,MALE,MARRIED,"Oak St, Honolulu, ID 53703",PRIVATE,FREE,980812484094,15/04/08,CONSCRIPT,1,4194
291,840430233164,Keith,Mitchell,David,30/04/84,MALE,MARRIED,"Cedar Ln, Madison, NH 92501",PRIVATE,FREE,970224925765,30/04/02,CONSCRIPT,1,14663
292,921229501174,Edward,Baker,Carl,29/12/92,MALE,NOT MARRIED,"Pine St, Columbia, PA 68102",PRIVATE,FREE,861230558075,29/12/10,CONSCRIPT,1,8901
293,790110399121,Mark,Wilson,Billy,10/01/79,MALE,NOT MARRIED,"Cedar Ln, Salt Lake City, CO 84101",SERGEANT,FREE,840414068530,10/01/97,STAFF,0,9661
294,760223554776,Kyle,Morris,Joseph,23/02/76,MALE,MARRIED,"Cedar Ln, Madison, IL 58102",PRIVATE,FREE,951110517913,23/02/94,CONSCRIPT,2,21851
295,910608477383,Paul,Miller,Paul,08/06/91,MALE,MARRIED,"Main St, Madison, CO 83702",PRIVATE,FREE,910608477383,08/06/09,CONSCRIPT,1,28785
296,900401774119,Thomas,Lewis,Eric,01/04/90,MALE,MARRIED,"Main St, Springfield, FL 25301",PRIVATE,FREE,980812484094,01/04/08,CONSCRIPT,2,18937
297,840402624265,Arthur,Harris,Jonathan,02/04/84,MALE,NOT MARRIED,"Oak St, Madison, WI 27601",PRIVATE,FREE,930515407672,02/04/02,CONSCRIPT,0,25635
298,861230558075,Albert,Gonzales,Harry,30/12/86,MALE,NOT MARRIED,"Pine St, Springfield, ID 50309",SERGEANT,FREE,840414068530,30/12/04,STAFF,0,21949
299,821124571074,Ryan,Flores,Dennis,24/11/82,MALE,MARRIED,"Main St, Baltimore, WV 29201",PRIVATE,FREE,821124571074,24/11/00,CONSCRIPT,0,13923
300,030306868834,Benjamin,Wood,Alexander,06/03/03,MALE,NOT MARRIED,"Main St, Des Moines, WI 96801",PRIVATE,FREE,951110517913,06/03/21,CONSCRIPT,2,3762
301,870814950929,Peter,Bell,Jack,14/08/87,MALE,MARRIED,"Oak St, Baltimore, HI 58102",PRIVATE,FREE,870814950929,14/08/05,CONSCRIPT,1,11039
302,870524392257,Eugene,Thomas,Tyler,24/05/87,MALE,NOT MARRIED,"Maple Ave, Baton Rouge, CA 97301",PRIVATE,FREE,771215431415,24/05/05,CONSCRIPT,1,29226
303,810206520345,Albert,Cooper,Kevin,06/02/81,MALE,NOT MARRIED,"Pine St, Orlando, OR 96801",PRIVATE,FREE,821003508215,06/02/99,CONSCRIPT,1,24898
304,770102543757,Anthony,Evans,James,02/01/77,MALE,MARRIED,"Cedar Ln, Lexington, NE 70801",PRIVATE,FREE,770102543757,02/01/95,CONSCRIPT,0,21790
305,851014950249,Arthur,Lewis,Tyler,14/10/85,MALE,NOT MARRIED,"Oak St, Salt Lake City, WV 62701",PRIVATE,FREE,970224925765,14/10/03,CONSCRIPT,0,18685
306,800414552814,Jesse,Foster,Stephen,14/04/80,MALE,NOT MARRIED,"Cedar Ln, Lexington, IL 83702",PRIVATE,FREE,951110517913,14/04/98,CONSCRIPT,0,2105
307,920515609759,Henry,Brown,Nathan,15/05/92,MALE,MARRIED,"Main St, Augusta, ID 78701",LIEUTENANT,FREE,901022902797,15/05/10,STAFF,1,24629
308,980812484094,Ronald,Butler,Frederick,12/08/98,MALE,NOT MARRIED,"Cedar Ln, Lexington, OR 92501",SERGEANT,FREE,870319037473,12/08/16,STAFF,1,25929
309,900504557288,Michael,Moore,Roy,04/05/90,MALE,NOT MARRIED,"Oak St, Fargo, RI 03101",PRIVATE,FREE,970224925765,04/05/08,CONSCRIPT,0,33960
310,840414068530,Paul,Phillips,Terry,14/04/84,MALE,NOT MARRIED,"Main St, Austin, SC 85001",LIEUTENANT,FREE,901022902797,14/04/02,STAFF,2,3289
311,960523396667,Robert,Clark,Gerald,23/05/96,MALE,MARRIED,"Maple Ave, Portland, ND 97201",PRIVATE,FREE,860916132767,23/05/14,CONSCRIPT,0,24973
312,880512735709,Jose,Taylor,Billy,12/05/88,MALE,NOT MARRIED,"Oak St, Fargo, AR 80202",PRIVATE,FREE,980812484094,12/05/06,CONSCRIPT,1,21256
313,960118361518,Joshua,Green,Christopher,18/01/96,MALE,NOT MARRIED,"Pine St, Harrisburg, WV 27601",PRIVATE,FREE,960118361518,18/01/14,CONSCRIPT,1,14084
314,750321809979,Keith,Powell,Zachary,21/03/75,MALE,NOT MARRIED,"Oak St, Providence, WI 40502",PRIVATE,FREE,930515407672,21/03/93,CONSCRIPT,1,28650
315,890531954873,Robert,Sanders,Scott,31/05/89,MALE,NOT MARRIED,"Maple Ave, Baton Rouge, IA 25301",PRIVATE,FREE,861230558075,31/05/07,CONSCRIPT,0,22943
316,000209050533,Patrick,Price,Billy,09/02/00,MALE,NOT MARRIED,"Maple Ave, Harrisburg, IA 97301",PRIVATE,FREE,771215431415,09/02/18,CONSCRIPT,2,27936
317,970414675684,Paul,Wilson,Wayne,14/04/97,MALE,NOT MARRIED,"Maple Ave, Austin, OR 50309",SERGEANT,ON MISSION,780506391022,14/04/15,STAFF,1,30862
318,930823506936,Terry,Baker,Stephen,23/08/93,MALE,NOT MARRIED,"Maple Ave, Honolulu, RI 32801",PRIVATE,FREE,930823506936,23/08/11,CONSCRIPT,0,12393
319,960601067933,Steven,Thomas,Kevin,01/06/96,MALE,MARRIED,"Cedar Ln, Denver, CO 04330",PRIVATE,FREE,960601067933,01/06/14,CONSCRIPT,2,20485
320,030705870064,Albert,Lee,Eric,05/07/03,MALE,MARRIED,"Oak St, Providence, AR 58102",PRIVATE,FREE,980812484094,05/07/21,CONSCRIPT,2,33893
321,940118746270,Brandon,Richardson,Harold,18/01/94,MALE,NOT MARRIED,"Maple Ave, Baltimore, UT 58102",PRIVATE,FREE,850407909495,18/01/12,CONSCRIPT,1,4691
322,910724928835,Noah,Nelson,Kevin,24/07/91,MALE,NOT MARRIED,"Oak St, Lexington, LA 53703",PRIVATE,FREE,951110517913,24/07/09,CONSCRIPT,0,17572
323,010323716508,Kenneth,Edwards,Roy,23/03/01,MALE,NOT MARRIED,"Pine St, Salem, AR 92501",PRIVATE,FREE,010323716508,23/03/19,CONSCRIPT,1,27896
324,030527792078,Ralph,Perry,Walter,27/05/03,MALE,NOT MARRIED,"Oak St, Charleston, CA 97201",PRIVATE,FREE,970414675684,27/05/21,CONSCRIPT,1,27241
325,010129493182,Gabriel,Gonzales,Dennis,29/01/01,MALE,NOT MARRIED,"Pine St, Raleigh, AR 83702",PRIVATE,FREE,951110517913,29/01/19,CONSCRIPT,0,29164
326,750917430475,Kyle,Rivera,Mark,17/09/75,MALE,NOT MARRIED,"Pine St, Lexington, ND 85001",PRIVATE,INJURED,750917430475,17/09/93,CONSCRIPT,1,8327
327,040224638631,Billy,Mitchell,Howard,24/02/04,MALE,NOT MARRIED,"Maple Ave, Denver, OR 53703",PRIVATE,INJURED,930407169245,24/02/22,CONSCRIPT,1,27374
328,800421080729,Lawrence,Baker,Justin,21/04/80,MALE,NOT MARRIED,"Pine St, Springfield, NH 21201",PRIVATE,INJURED,970428698534,21/04/98,CONSCRIPT,1,39624
329,000311470944,Christopher,Clark,Raymond,11/03/00,MALE,MARRIED,"Main St, Madison, TX 03101",PRIVATE,INJURED,840714896136,11/03/18,CONSCRIPT,0,12983
330,920325505979,Timothy,Thompson,Steven,25/03/92,MALE,NOT MARRIED,"Pine St, Augusta, IA 84101",SERGEANT,INJURED,920515609759,25/03/10,STAFF,1,22019
331,990127629147,Douglas,Moore,Brian,27/01/99,MALE,NOT MARRIED,"Maple Ave, Charleston, AR 96801",SERGEANT,INJURED,830226159286,27/01/17,STAFF,1,24860
332,750509360258,Keith,Reed,Stephen,09/05/75,MALE,MARRIED,"Cedar Ln, Providence, ID 70801",PRIVATE,INJURED,970428698534,09/05/93,CONSCRIPT,0,10999
333,860630973632,Jack,Turner,Brandon,30/06/86,MALE,MARRIED,"Maple Ave, Boise, RI 40502",PRIVATE,INJURED,860630973632,30/06/04,CONSCRIPT,1,26615
334,780330648096,Mark,Sanchez,Arthur,30/03/78,MALE,NOT MARRIED,"Main St, Orlando, MD 27601",PRIVATE,INJURED,820216530446,30/03/96,CONSCRIPT,0,38105
335,940422094171,Nicholas,Adams,Carl,22/04/94,MALE,NOT MARRIED,"Main St, Lexington, HI 84101",PRIVATE,INJURED,990127629147,22/04/12,CONSCRIPT,2,27217
